﻿pos_x,pos_y,rotation,side,designator,mpn,pack,footprint,value,mount_type
85.033,-110.0,33.7,top,C1,,,C_0603_1608Metric,0.1uF,smt
118.0,-137.5,90.0,top,C10,,,C_0805_2012Metric,10uF,smt
93.0,-130.0,-90.0,top,C11,,,C_0603_1608Metric,0.1uF,smt
70.5,-81.0,-90.0,top,C12,,,C_0603_1608Metric,0.1uF,smt
121.0,-122.5,-90.0,top,C13,,,C_0805_2012Metric,22uF,smt
123.0,-122.5,-90.0,top,C14,,,C_0603_1608Metric,0.1uF,smt
126.5,-126.0,0.0,top,C15,,,C_0603_1608Metric,0.1uF,smt
68.5,-81.0,-90.0,top,C16,,,C_0805_2012Metric,10uF,smt
130.0,-117.5,0.0,top,C17,,,C_0603_1608Metric,0.1uF,smt
79.5,-76.5,90.0,top,C18,,,C_0805_2012Metric,10uF,smt
77.5,-76.5,90.0,top,C19,,,C_0603_1608Metric,0.1uF,smt
90.0,-114.967,56.2,top,C2,,,C_0603_1608Metric,0.1uF,smt
102.0,-103.5,180.0,top,C20,,,C_0603_1608Metric,0.1uF,smt
127.0,-117.5,180.0,top,C21,,,C_0603_1608Metric,0.1uF,smt
73.0,-72.5,180.0,top,C22,,,C_0603_1608Metric,0.1uF,smt
72.5,-69.5,-90.0,top,C23,,,C_0603_1608Metric,0.1uF,smt
81.0,-135.0,-90.0,top,C24,,,C_0805_2012Metric,10uF,smt
79.0,-135.0,-90.0,top,C25,,,C_0603_1608Metric,0.1uF,smt
63.5,-118.0,180.0,top,C26,,,C_0805_2012Metric,10uF,smt
100.0,-64.5,180.0,top,C27,,,C_0603_1608Metric,0.1uF,smt
80.0,-132.5,0.0,top,C28,,,C_0603_1608Metric,1uF,smt
67.5,-110.5,90.0,top,C29,,,C_0603_1608Metric,0.1uF,smt
110.0,-114.967,123.7,top,C3,,,C_0603_1608Metric,0.1uF,smt
114.967,-110.0,146.2,top,C4,,,C_0603_1608Metric,0.1uF,smt
114.967,-90.0,-146.3,top,C5,,,C_0603_1608Metric,0.1uF,smt
110.0,-85.033,-123.8,top,C6,,,C_0603_1608Metric,0.1uF,smt
90.0,-85.033,-56.3,top,C7,,,C_0603_1608Metric,0.1uF,smt
85.033,-90.0,-33.8,top,C8,,,C_0603_1608Metric,0.1uF,smt
118.0,-133.5,-90.0,top,C9,,,C_0805_2012Metric,10uF,smt
83.374,-104.938,-67.5,top,D1,,,SK6812-SIDE-A,SK6812SIDE-A,tht
91.735336,-115.248051,-22.5,top,D2,,,SK6812-SIDE-A,SK6812SIDE-A,tht
104.938,-116.626,22.5,top,D3,,,SK6812-SIDE-A,SK6812SIDE-A,tht
115.248051,-108.264664,67.5,top,D4,,,SK6812-SIDE-A,SK6812SIDE-A,tht
116.626,-95.062,112.5,top,D5,,,SK6812-SIDE-A,SK6812SIDE-A,tht
108.264664,-84.751949,157.5,top,D6,,,SK6812-SIDE-A,SK6812SIDE-A,tht
95.062,-83.374,-157.5,top,D7,,,SK6812-SIDE-A,SK6812SIDE-A,tht
84.751949,-91.735336,-112.5,top,D8,,,SK6812-SIDE-A,SK6812SIDE-A,tht
105.125427,-108.877499,0.0,top,H1,,,MountingHole_M1.6,MotorHole,tht
89.749146,-100.0,0.0,top,H2,,,MountingHole_M1.6,MotorHole,tht
105.125427,-91.1225,0.0,top,H3,,,MountingHole_M1.6,MotorHole,tht
100.0,-129.8,0.0,top,H4,,,MountingHole_2.2mm_M2_ISO7380_Pad_NonVirtual,MountHole,tht
70.2,-100.0,0.0,top,H5,,,MountingHole_2.2mm_M2_ISO7380_Pad_NonVirtual,MountHole,tht
100.0,-70.2,0.0,top,H6,,,MountingHole_2.2mm_M2_ISO7380_Pad_NonVirtual,MountHole,tht
129.8,-100.0,0.0,top,H7,,,MountingHole_2.2mm_M2_ISO7380_Pad_NonVirtual,MountHole,tht
135.0,-100.0,0.0,top,H8,,,MountingHole_2.2mm_M2_ISO7380_Pad_NonVirtual,AlignmentHole,tht
65.0,-100.0,0.0,top,H9,,,MountingHole_2.2mm_M2_ISO7380_Pad_NonVirtual,AlignmentHole,tht
116.816,-118.584,45.0,bottom,J1,,,532610371,BLDC,tht
100.0,-140.6,0.0,top,J2,,,USB4510_NoPaste,USB_C_Receptacle_USB2.0,smt
75.75,-76.5,-90.0,top,L1,,,L_0805_2012Metric,3.3uH,smt
73.5,-80.0,0.0,top,Q1,,,SOT-23,MMBT4403,smt
79.5,-138.5,0.0,top,Q2,,,SOT-363_SC-70-6,UMH3N,smt
94.5,-133.0,180.0,top,R1,,,R_0603_1608Metric,5.1k,smt
133.5,-134.5,-90.0,top,R10,,,R_0603_1608Metric,10k,smt
135.0,-134.5,-90.0,top,R11,,,R_0603_1608Metric,10k,smt
136.5,-134.5,-90.0,top,R12,,,R_0603_1608Metric,10k,smt
63.0,-109.0,180.0,top,R13,,,R_0603_1608Metric,2.2k,smt
64.0,-110.5,180.0,top,R14,,,R_0603_1608Metric,2.2k,smt
69.0,-108.0,0.0,top,R15,,,R_0603_1608Metric,2.2k,smt
70.0,-106.5,180.0,top,R16,,,R_0603_1608Metric,2.2k,smt
80.0,-131.0,180.0,top,R17,,,R_0603_1608Metric,10k,smt
123.5,-100.0,180.0,bottom,R18,,,R_2512_6332Metric,330,smt
115.6,-100.0,180.0,bottom,R19,,,R_2512_6332Metric,330,smt
105.5,-133.0,0.0,top,R2,,,R_0603_1608Metric,5.1k,smt
84.4,-100.0,0.0,bottom,R20,,,R_2512_6332Metric,330,smt
76.5,-100.0,0.0,bottom,R21,,,R_2512_6332Metric,330,smt
73.0,-75.5,180.0,top,R3,,,R_0603_1608Metric,10k,smt
73.0,-74.0,0.0,top,R4,,,R_0603_1608Metric,8.2k,smt
75.0,-70.5,0.0,top,R5,,,R_0603_1608Metric,100,smt
75.0,-69.0,180.0,top,R6,,,R_0603_1608Metric,100,smt
129.0,-134.5,-90.0,top,R7,,,R_0603_1608Metric,10k,smt
130.5,-134.5,-90.0,top,R8,,,R_0603_1608Metric,10k,smt
132.0,-134.5,-90.0,top,R9,,,R_0603_1608Metric,10k,smt
100.0,-100.0,180.0,top,U1,,,SOIC-8_3.9x4.9mm_P1.27mm,MT6701-CT,smt
76.5,-135.0,180.0,top,U2,,,T-Micro32,T-Micro32_Plus,tht
88.5,-133.5,0.0,top,U3,,,SOIC-16_3.9x9.9mm_P1.27mm,CH340C,smt
67.5,-74.0,180.0,top,U4,,,SOIC-16_3.9x9.9mm_P1.27mm,HX711,smt
128.0,-122.0,90.0,top,U5,,,QFN-20-1EP_3x3mm_P0.4mm_EP1.65x1.65mm_ThermalVias_LargerViaHoles,TMC6300,smt
123.5,-135.5,0.0,top,U6,,,SOT-223-3_TabPin2_InGndOut,AP2114HA-3.3,smt
68.5,-114.5,90.0,top,U7,,,SOT-23-5,SN74LV1T34DBV,smt
100.0,-61.0,180.0,bottom,U8,,,VEML7700-TOP,VEML7700,smt
112.0,-135.5,180.0,top,U9,,,SOT-223-3_TabPin2_GndOutIn,TS1117BCW33_RPG,smt
121.9,-71.8,0.0,top,Z10,,,bom_only_no_pin,BLDCMotor,smt
120.4,-71.8,0.0,top,Z6,,,bom_only_no_pin,RotorScrew (BOM-only),smt
121.9,-71.8,0.0,top,Z7,,,bom_only_no_pin,RotorScrew (BOM-only),smt
9.101192,-1.34825,0.0,top,Z8,,,bom_only_no_pin,RotorScrew (BOM-only),smt
120.4,-71.8,0.0,top,Z9,,,bom_only_no_pin,WatchGlass39.5mm,smt
