﻿Designator,Quantity,Value,Footprint,Package,MPN,DNP,Mount_Type,Digikey,LCSC,Mouser,AliExpress,Note
"C1, C11, C12, C14, C15, C17, C19, C2, C20, C21, C22, C23, C25, C27, C29, C3, C4, C5, C6, C7, C8",21,0.1uF,C_0603_1608Metric,,,,smt,1276-1935-1-ND,C1591,187-CL10B104KB8NNWC,,
"C10, C16, C18, C24, C26, C9",6,10uF,C_0805_2012Metric,,,,smt,1276-2891-1-ND,C2922480,187-CL21A106KAYNNNE,,
C13,1,22uF,C_0805_2012Metric,,,,smt,1276-CL21A226MAYNNNECT-ND,C98190,187-CL21A226MAYNNNE,,
C28,1,1uF,C_0603_1608Metric,,,,smt,1276-1102-1-ND,C5673,187-CL10A105KA8NNNC,,
"D1, D2, D3, D4, D5, D6, D7, D8",8,SK6812SIDE-A,SK6812-SIDE-A,,,,tht,1528-4691-ND,C2890037,485-4691,https://www.aliexpress.com/item/10000009330139.html,
"H1, H2, H3",3,MotorHole,MountingHole_M1.6,,,,tht,,C2931389,,,"Screw: M1.6x10 (countersunk), or M1.6x9 (pan/round). LCSC min qty 50 (but still very cheap)"
"H4, H5, H6, H7",4,MountHole,MountingHole_2.2mm_M2_ISO7380_Pad_NonVirtual,,,,tht,,"C2911210 or C2911532 (screw), C2961595 (nut)",,,Screw: M2x5 (pan/round); Nut: M2 hex. LCSC min qty 50 (but still very cheap)
"H8, H9",2,AlignmentHole,MountingHole_2.2mm_M2_ISO7380_Pad_NonVirtual,,,,tht,,,,,
J1,1,BLDC,532610371,,,,tht,WM7621CT-ND,C293630,538-53261-0371,,
J2,1,USB_C_Receptacle_USB2.0,USB4510_NoPaste,,,,smt,USB4510-03-1-A,C428463,640-USB4510031A,,
J3,1,LCD,SolderPads_2mm_8,,,,tht,,,,,
J4,1,A,SolderPads_2mm_3_STRAIN,,,,tht,,,,,
J5,1,B,SolderPads_2mm_3_STRAIN,,,,tht,,,,,
L1,1,3.3uH,L_0805_2012Metric,,,,smt,445-6394-1-ND,C307744,810-MLZ2012A3R3WT000,,
Q1,1,MMBT4403,SOT-23,,,,smt,MMBT4403LT1GOSCT-ND,C78864,241-MMBT4403R100001,,
Q2,1,UMH3N,SOT-363_SC-70-6,,,,smt,UMH3NTNCT-ND,C62892,755-UMH3NTN,,
"R1, R2",2,5.1k,R_0603_1608Metric,,,,smt,RMCF0603JT5K10CT-ND,C105580,652-CR0603FX-5101ELF,,
"R10, R11, R12, R17, R3, R7, R8, R9",8,10k,R_0603_1608Metric,,,,smt,RMCF0603JT10K0CT-ND,C98220,652-CR0603FX-1002ELF,,
"R13, R14, R15, R16",4,2.2k,R_0603_1608Metric,,,,smt,RMCF0603FT2K20CT-ND,C4190,652-CR0603FX-2201ELF,,
"R18, R19, R20, R21",4,330,R_2512_6332Metric,,,,smt,,C19866,,,
R4,1,8.2k,R_0603_1608Metric,,,,smt,RMCF0603FT8K20CT-ND,C114637,652-CR0603FX-8201ELF,,
"R5, R6",2,100,R_0603_1608Metric,,,,smt,RMCF0603FT100RCT-ND,C319953,652-CR0603FX-1000ELF,,
TP1,1,5V,TestPoint_Pad_D2.0mm_ValueSilk,,,,tht,,,,,
TP10,1,CLK,TestPoint_Pad_D2.0mm_ValueSilk,,,,tht,,,,,
TP11,1,DO,TestPoint_Pad_D2.0mm_ValueSilk,,,,tht,,,,,
TP12,1,LED,TestPoint_Pad_D2.0mm_ValueSilk,,,,tht,,,,,
TP13,1,EN,TestPoint_Pad_D2.0mm_ValueSilk,,,,tht,,,,,
TP14,1,BOOT,TestPoint_Pad_D2.0mm_ValueSilk,,,,tht,,,,,
TP15,1,TX,TestPoint_Pad_D2.0mm_ValueSilk,,,,tht,,,,,
TP16,1,RX,TestPoint_Pad_D2.0mm_ValueSilk,,,,tht,,,,,
TP2,1,3.3v,TestPoint_Pad_D2.0mm_ValueSilk,,,,tht,,,,,
TP3,1,GND,TestPoint_Pad_D2.0mm_ValueSilk,,,,tht,,,,,
TP4,1,SDA,TestPoint_Pad_D2.0mm_ValueSilk,,,,tht,,,,,
TP5,1,SCL,TestPoint_Pad_D2.0mm_ValueSilk,,,,tht,,,,,
TP6,1,U,TestPoint_Pad_D2.0mm_ValueSilk,,,,tht,,,,,
TP7,1,V,TestPoint_Pad_D2.0mm_ValueSilk,,,,tht,,,,,
TP8,1,W,TestPoint_Pad_D2.0mm_ValueSilk,,,,tht,,,,,
TP9,1,CSN,TestPoint_Pad_D2.0mm_ValueSilk,,,,tht,,,,,
U1,1,MT6701-CT,SOIC-8_3.9x4.9mm_P1.27mm,,,,smt,N/A,"C2856764, or C3003196",N/A,,
U2,1,T-Micro32_Plus,T-Micro32,,,,tht,N/A,N/A,N/A,https://www.aliexpress.com/item/1005002308952882.html,
U3,1,CH340C,SOIC-16_3.9x9.9mm_P1.27mm,,,,smt,N/A,C84681,N/A,,
U4,1,HX711,SOIC-16_3.9x9.9mm_P1.27mm,,,,smt,N/A,C43656,N/A,,
U5,1,TMC6300,QFN-20-1EP_3x3mm_P0.4mm_EP1.65x1.65mm_ThermalVias_LargerViaHoles,,,,smt,TMC6300-LA-T,N/A,700-TMC6300-LA,,
U6,1,AP2114HA-3.3,SOT-223-3_TabPin2_InGndOut,,,,smt,"AP2114HA-3.3TRG1DICT-ND, or MIC39100-3.3WS-CT-ND",C460314,621-AP2114HA-3.3TRG1,,Populate either U6 or U9 - depending on pinout - but not both!
U7,1,SN74LV1T34DBV,SOT-23-5,,,,smt,296-37176-1-ND,C100024,595-SN74LV1T34DBVR,,
U8,1,VEML7700,VEML7700-TOP,,,,smt,VEML7700-TT,C1850416,78-VEML7700-TT,,
U9,1,TS1117BCW33_RPG,SOT-223-3_TabPin2_GndOutIn,,,,smt,296-35976-1-ND,"C6186, C35879, or others",821-TS1117BCW33RPG,,Populate either U6 or U9 - depending on pinout - but not both!
Z10,1,BLDCMotor,bom_only_no_pin,,,,smt,,,,,SparkFun: https://www.sparkfun.com/products/20441
Z5,1,dummy_keepouts,ViewKeepouts3d,,,,tht,,,,,
"Z6, Z7, Z8",3,RotorScrew (BOM-only),bom_only_no_pin,,,,smt,,,,,"Screw: M1.6x3 (countersunk). LCSC C2931384 could work, but tall hex socket head leaves very little clearance for soldered screen PCB wires. Beware: long screws may scrape internal motor stator windings!"
Z9,1,WatchGlass39.5mm,bom_only_no_pin,,,,smt,,,,https://www.aliexpress.com/item/33055356489.html,"Watch glass: 1mm thick, 39.5mm diameter"
