﻿Designator,Quantity,Value,Footprint,Package,MPN,DNP,Mount_Type,Digikey,LCSC,Mouser,AliExpress
C1,1,22uF,C_0805_2012Metric,,,,smt,1276-CL21A226MAYNNNECT-ND,C98190,187-CL21A226MAYNNNE,
C2,1,0.1uF,C_0603_1608Metric,,,,smt,1276-1935-1-ND,C1591,187-CL10B104KB8NNWC,
H1,1,AlignmentHole,AlignmentHole_1.6,,,,tht,,,,
"J1, J3, J4, J5",4,Conn_01x04,SolderPads_2mm_4,,,,tht,,,,
J2,1,GC9A01,GC9A01Round1.28,,,,smt,N/A,N/A,N/A,https://www.aliexpress.com/item/1005001321857930.html
Q1,1,2N7002,SOT-23,,,,smt,2N7002H6327XTSA2CT-ND,2N7002,771-2N7002NXAKR,
R1,1,10k,R_0603_1608Metric,,,,smt,RMCF0603JT10K0CT-ND,C98220,652-CR0603FX-1002ELF,
R2,1,22R,R_0603_1608Metric,,,,smt,RMCF0603JT22R0CT-ND,,652-CR0603FX-22R0ELF,
R3,1,1M,R_0603_1608Metric,,,,smt,RMCF0603JT1M00CT-ND,,652-CR0603FX-1004ELF,
